<powerpagecomponent powerpagecomponentid="2dafb140-3c18-ef11-9f89-6045bd8f8a5b">
  <content>{"botschemaname":"cr391_590d4818-a691-4420-b304-3a67bf619292","configjson":"{\"skillConfigViewName\":\"AvatarBoard bot Answers\"}"}</content>
  <iscustomizable>1</iscustomizable>
  <name>Bot Consumer</name>
  <powerpagecomponenttype>27</powerpagecomponenttype>
  <powerpagesiteid>
    <powerpagesiteid>a86e1201-5a03-4a0e-bdae-506c81b0678f</powerpagesiteid>
  </powerpagesiteid>
  <statecode>0</statecode>
  <statuscode>1</statuscode>
</powerpagecomponent>