<powerpagecomponent powerpagecomponentid="316cf37e-206d-40c0-b0f5-51fc93bbc085">
  <content>{"entityname":"adx_webpage","isdefault":false,"rewriteurl":"~/Pages/Search.aspx","usewebsiteheaderandfooter":true,"webtemplateid":"8eb3cafc-3dde-4a9b-a475-227dfd64e159"}</content>
  <iscustomizable>1</iscustomizable>
  <name>Search</name>
  <powerpagecomponenttype>6</powerpagecomponenttype>
  <powerpagesiteid>
    <powerpagesiteid>a86e1201-5a03-4a0e-bdae-506c81b0678f</powerpagesiteid>
  </powerpagesiteid>
  <statecode>0</statecode>
  <statuscode>1</statuscode>
</powerpagecomponent>