<powerpagecomponent powerpagecomponentid="bec0f3d7-61ec-4fdc-afdb-0478c2ca3a2d">
  <content>{"display_name":"Default","publishingstateid":"1e6a741b-1a0d-400d-90b0-0f5c723bf904"}</content>
  <iscustomizable>1</iscustomizable>
  <name>Default</name>
  <powerpagecomponenttype>4</powerpagecomponenttype>
  <powerpagesiteid>
    <powerpagesiteid>a86e1201-5a03-4a0e-bdae-506c81b0678f</powerpagesiteid>
  </powerpagesiteid>
  <powerpagesitelanguageid>
    <powerpagesitelanguageid>72de8b9b-7d22-44d3-8c51-cb94c718a122</powerpagesitelanguageid>
  </powerpagesitelanguageid>
  <statecode>0</statecode>
  <statuscode>1</statuscode>
</powerpagecomponent>