<powerpagecomponent powerpagecomponentid="4c370578-7bb0-470d-81a6-30a0ae189f70">
  <content>{"description":"The amount of time the Authentication/LoginThrottling/MaxInvaildAttemptsFromIPAddress are to be within before the IP address has to wait Authentication/LoginThrottling/IpAddressTimeoutTimeSpan. Default: 00:03:00 (3 mins)","value":"00:03:00"}</content>
  <iscustomizable>1</iscustomizable>
  <name>Authentication/LoginThrottling/MaxAttemptsTimeLimitTimeSpan</name>
  <powerpagecomponenttype>9</powerpagecomponenttype>
  <powerpagesiteid>
    <powerpagesiteid>a86e1201-5a03-4a0e-bdae-506c81b0678f</powerpagesiteid>
  </powerpagesiteid>
  <statecode>0</statecode>
  <statuscode>1</statuscode>
</powerpagecomponent>