<powerpagecomponent powerpagecomponentid="a06a2c0f-6c74-42de-8fd7-c646330da30b">
  <content>{"adx_webpageaccesscontrolrule_webrole":["ed920602-4297-4788-bd3f-00f29581c10f"],"right":1,"webpageid":"d518492f-ccb3-4c3f-a78a-ebb05f801688"}</content>
  <iscustomizable>1</iscustomizable>
  <name>Grant Change to Administrators</name>
  <powerpagecomponenttype>10</powerpagecomponenttype>
  <powerpagesiteid>
    <powerpagesiteid>a86e1201-5a03-4a0e-bdae-506c81b0678f</powerpagesiteid>
  </powerpagesiteid>
  <statecode>0</statecode>
  <statuscode>1</statuscode>
</powerpagecomponent>