<powerpagesitelanguages>
  <powerpagesitelanguage powerpagesitelanguageid="72de8b9b-7d22-44d3-8c51-cb94c718a122">
    <content>{"publishingstate":"1e6a741b-1a0d-400d-90b0-0f5c723bf904","systemlanguage":1033}</content>
    <displayname>English</displayname>
    <iscustomizable>1</iscustomizable>
    <languagecode>en-US</languagecode>
    <lcid>1033</lcid>
    <name>English</name>
    <powerpagesiteid>
      <powerpagesiteid>a86e1201-5a03-4a0e-bdae-506c81b0678f</powerpagesiteid>
    </powerpagesiteid>
    <statecode>0</statecode>
    <statuscode>1</statuscode>
  </powerpagesitelanguage>
</powerpagesitelanguages>