<powerpagesites>
  <powerpagesite powerpagesiteid="a86e1201-5a03-4a0e-bdae-506c81b0678f">
    <content>{"defaultlanguage":"72de8b9b-7d22-44d3-8c51-cb94c718a122","footerwebtemplateid":"044fe8b1-a6fc-4fe6-9da1-68b85edd7927","headerwebtemplateid":"3bea56ae-1604-48eb-8987-2acfd172b360","website_language":1033,"defaultbotconsumerid":"f192d71e-4170-ef11-a671-0022489e81f3"}</content>
    <datamodelversion>2.0</datamodelversion>
    <iscustomizable>1</iscustomizable>
    <name>AvatarBoard - AvatarBoard</name>
    <primarydomainname>AvatarBoard.powerappsportals.com</primarydomainname>
    <statecode>0</statecode>
    <statuscode>1</statuscode>
  </powerpagesite>
</powerpagesites>