<powerpagecomponent powerpagecomponentid="86df0663-5200-4633-8ba9-aaed5ab4f53b">
  <content>{"status":"enable","selectedThemeId":"f21551a1-7244-432f-ad88-220609e070d3","siteSettingId":"86df0663-5200-4633-8ba9-aaed5ab4f53b","version":"V2"}</content>
  <iscustomizable>1</iscustomizable>
  <name>ThemeFeature</name>
  <powerpagecomponenttype>9</powerpagecomponenttype>
  <powerpagesiteid>
    <powerpagesiteid>a86e1201-5a03-4a0e-bdae-506c81b0678f</powerpagesiteid>
  </powerpagesiteid>
  <statecode>0</statecode>
  <statuscode>1</statuscode>
</powerpagecomponent>