<powerpagecomponent powerpagecomponentid="a5cb439c-b56a-45b0-a7df-4331afbac79a">
  <content>{"enabletracking":false,"excludefromsearch":false,"hiddenfromsitemap":false,"parentpageid":"d518492f-ccb3-4c3f-a78a-ebb05f801688","partialurl":"Cat-PC.png","publishingstateid":"1e6a741b-1a0d-400d-90b0-0f5c723bf904"}</content>
  <filecontent mimetype="application/octet-stream">Cat-PC.png</filecontent>
  <iscustomizable>1</iscustomizable>
  <name>Cat-PC.png</name>
  <powerpagecomponenttype>3</powerpagecomponenttype>
  <powerpagesiteid>
    <powerpagesiteid>a86e1201-5a03-4a0e-bdae-506c81b0678f</powerpagesiteid>
  </powerpagesiteid>
  <statecode>0</statecode>
  <statuscode>1</statuscode>
</powerpagecomponent>