<powerpagecomponent powerpagecomponentid="f74cb525-0d6d-4d6c-bc80-a7e56619e51a">
  <content>{"displayorder":2,"enabletracking":false,"excludefromsearch":true,"hiddenfromsitemap":false,"parentpageid":"d518492f-ccb3-4c3f-a78a-ebb05f801688","partialurl":"theme.css","publishingstateid":"1e6a741b-1a0d-400d-90b0-0f5c723bf904"}</content>
  <filecontent mimetype="application/octet-stream">theme.css</filecontent>
  <iscustomizable>1</iscustomizable>
  <name>theme.css</name>
  <powerpagecomponenttype>3</powerpagecomponenttype>
  <powerpagesiteid>
    <powerpagesiteid>a86e1201-5a03-4a0e-bdae-506c81b0678f</powerpagesiteid>
  </powerpagesiteid>
  <statecode>0</statecode>
  <statuscode>1</statuscode>
</powerpagecomponent>