<powerpagecomponent powerpagecomponentid="e9c4ac4b-4dfa-4978-b90e-c9303faaeea2">
  <content>{"enabletracking":false,"excludefromsearch":false,"hiddenfromsitemap":false,"parentpageid":"d518492f-ccb3-4c3f-a78a-ebb05f801688","partialurl":"Logo-sm-64.png","publishingstateid":"1e6a741b-1a0d-400d-90b0-0f5c723bf904"}</content>
  <filecontent mimetype="application/octet-stream">Logo-sm-64.png</filecontent>
  <iscustomizable>1</iscustomizable>
  <name>Logo-sm-64.png</name>
  <powerpagecomponenttype>3</powerpagecomponenttype>
  <powerpagesiteid>
    <powerpagesiteid>a86e1201-5a03-4a0e-bdae-506c81b0678f</powerpagesiteid>
  </powerpagesiteid>
  <statecode>0</statecode>
  <statuscode>1</statuscode>
</powerpagecomponent>