<powerpagecomponent powerpagecomponentid="b97966e6-01ae-4248-aad6-51e867ef5856">
  <content>{"source":"&lt;div class=\"page-copy\"&gt;\r {% editable page 'adx_copy' type: 'html', liquid: true %}\r&lt;/div&gt;"}</content>
  <iscustomizable>1</iscustomizable>
  <name>Page Copy</name>
  <powerpagecomponenttype>8</powerpagecomponenttype>
  <powerpagesiteid>
    <powerpagesiteid>a86e1201-5a03-4a0e-bdae-506c81b0678f</powerpagesiteid>
  </powerpagesiteid>
  <statecode>0</statecode>
  <statuscode>1</statuscode>
</powerpagecomponent>