<powerpagecomponent powerpagecomponentid="42cfd130-0534-467f-a1d4-f114715ca2ad">
  <content>{"modifiedon":"2024-05-22T13:07:04Z","displayorder":10,"enabletracking":false,"excludefromsearch":true,"hiddenfromsitemap":false,"parentpageid":"d518492f-ccb3-4c3f-a78a-ebb05f801688","partialurl":"portalbasictheme.css","publishingstateid":"1e6a741b-1a0d-400d-90b0-0f5c723bf904"}</content>
  <filecontent mimetype="text/css">portalbasictheme.css</filecontent>
  <iscustomizable>1</iscustomizable>
  <name>portalbasictheme.css</name>
  <powerpagecomponenttype>3</powerpagecomponenttype>
  <powerpagesiteid>
    <powerpagesiteid>a86e1201-5a03-4a0e-bdae-506c81b0678f</powerpagesiteid>
  </powerpagesiteid>
  <statecode>0</statecode>
  <statuscode>1</statuscode>
</powerpagecomponent>