{
  "properties": {
    "connectionReferences": {
      "shared_keyvault": {
        "runtimeSource": "embedded",
        "connection": {
          "connectionReferenceLogicalName": "nch_sharedkeyvault_df753"
        },
        "api": {
          "name": "shared_keyvault"
        }
      }
    },
    "definition": {
      "$schema": "https://schema.management.azure.com/providers/Microsoft.Logic/schemas/2016-06-01/workflowdefinition.json#",
      "contentVersion": "1.0.0.0",
      "parameters": {
        "$connections": {
          "defaultValue": {},
          "type": "Object"
        },
        "$authentication": {
          "defaultValue": {},
          "type": "SecureObject"
        }
      },
      "triggers": {
        "manual": {
          "metadata": {
            "operationMetadataId": "e9c7ca78-a873-4ee3-b6dc-bdaef09c9cbd"
          },
          "type": "Request",
          "kind": "PowerPages",
          "inputs": {
            "schema": {
              "type": "object",
              "properties": {},
              "required": []
            }
          }
        }
      },
      "actions": {
        "Get_secret": {
          "runAfter": {},
          "metadata": {
            "operationMetadataId": "7b9de63c-c829-42cb-97e2-80b1dff43990"
          },
          "type": "OpenApiConnection",
          "inputs": {
            "host": {
              "connectionName": "shared_keyvault",
              "operationId": "GetSecret",
              "apiId": "/providers/Microsoft.PowerApps/apis/shared_keyvault"
            },
            "parameters": {
              "secretName": "azureOpenAIApiKey"
            },
            "authentication": "@parameters('$authentication')"
          }
        },
        "Get_secret_2": {
          "runAfter": {
            "Get_secret": [
              "Succeeded"
            ]
          },
          "metadata": {
            "operationMetadataId": "d8a42a79-42fd-4106-b065-4a0f11140b0b"
          },
          "type": "OpenApiConnection",
          "inputs": {
            "host": {
              "connectionName": "shared_keyvault",
              "operationId": "GetSecret",
              "apiId": "/providers/Microsoft.PowerApps/apis/shared_keyvault"
            },
            "parameters": {
              "secretName": "azureOpenAIDeploymentName"
            },
            "authentication": "@parameters('$authentication')"
          }
        },
        "Get_secret_3": {
          "runAfter": {
            "Get_secret_2": [
              "Succeeded"
            ]
          },
          "metadata": {
            "operationMetadataId": "55be88bf-9d53-4482-a25b-777774780005"
          },
          "type": "OpenApiConnection",
          "inputs": {
            "host": {
              "connectionName": "shared_keyvault",
              "operationId": "GetSecret",
              "apiId": "/providers/Microsoft.PowerApps/apis/shared_keyvault"
            },
            "parameters": {
              "secretName": "azureOpenAIEndpoint"
            },
            "authentication": "@parameters('$authentication')"
          }
        },
        "Get_secret_4": {
          "runAfter": {
            "Get_secret_3": [
              "Succeeded"
            ]
          },
          "metadata": {
            "operationMetadataId": "5b0ed34a-5571-4598-b56a-bddcd4432e10"
          },
          "type": "OpenApiConnection",
          "inputs": {
            "host": {
              "connectionName": "shared_keyvault",
              "operationId": "GetSecret",
              "apiId": "/providers/Microsoft.PowerApps/apis/shared_keyvault"
            },
            "parameters": {
              "secretName": "region"
            },
            "authentication": "@parameters('$authentication')"
          }
        },
        "Get_secret_5": {
          "runAfter": {
            "Get_secret_4": [
              "Succeeded"
            ]
          },
          "metadata": {
            "operationMetadataId": "89c1f9fb-aa1f-4d72-aeb9-90cd4caca774"
          },
          "type": "OpenApiConnection",
          "inputs": {
            "host": {
              "connectionName": "shared_keyvault",
              "operationId": "GetSecret",
              "apiId": "/providers/Microsoft.PowerApps/apis/shared_keyvault"
            },
            "parameters": {
              "secretName": "subscriptionKey"
            },
            "authentication": "@parameters('$authentication')"
          }
        },
        "Return_value(s)_to_Power_Pages": {
          "runAfter": {
            "Get_secret_7": [
              "Succeeded"
            ]
          },
          "metadata": {
            "operationMetadataId": "bef449f1-407d-42ee-82ef-6fbabe0fc17c"
          },
          "type": "Response",
          "kind": "PowerPages",
          "inputs": {
            "statusCode": 200,
            "body": {
              "azureopenaiapikey": "@outputs('Get_secret')?['body/value']",
              "azureopenaideploymentname": "@outputs('Get_secret_2')?['body/value']",
              "azureopenaiendpoint": "@outputs('Get_secret_3')?['body/value']",
              "region": "@outputs('Get_secret_4')?['body/value']",
              "subscriptionkey": "@outputs('Get_secret_5')?['body/value']",
              "azurecogsearchendpoint": "@outputs('Get_secret_6')?['body/value']",
              "azurecogsearchapikey": "@outputs('Get_secret_7')?['body/value']"
            },
            "schema": {
              "type": "object",
              "properties": {
                "azureopenaiapikey": {
                  "title": "azureOpenAIApiKey",
                  "x-ms-dynamically-added": true,
                  "type": "string"
                },
                "azureopenaideploymentname": {
                  "title": "azureOpenAIDeploymentName",
                  "x-ms-dynamically-added": true,
                  "type": "string"
                },
                "azureopenaiendpoint": {
                  "title": "azureOpenAIEndpoint",
                  "x-ms-dynamically-added": true,
                  "type": "string"
                },
                "region": {
                  "title": "region",
                  "x-ms-dynamically-added": true,
                  "type": "string"
                },
                "subscriptionkey": {
                  "title": "subscriptionKey",
                  "x-ms-dynamically-added": true,
                  "type": "string"
                },
                "azurecogsearchendpoint": {
                  "title": "azurecogsearchendpoint",
                  "x-ms-dynamically-added": true,
                  "type": "string"
                },
                "azurecogsearchapikey": {
                  "title": "azurecogsearchapikey",
                  "x-ms-dynamically-added": true,
                  "type": "string"
                }
              }
            }
          }
        },
        "Get_secret_6": {
          "runAfter": {
            "Get_secret_5": [
              "Succeeded"
            ]
          },
          "metadata": {
            "operationMetadataId": "5ff7ed29-239f-41dd-8322-2dfee9c9718f"
          },
          "type": "OpenApiConnection",
          "inputs": {
            "host": {
              "connectionName": "shared_keyvault",
              "operationId": "GetSecret",
              "apiId": "/providers/Microsoft.PowerApps/apis/shared_keyvault"
            },
            "parameters": {
              "secretName": "azurecogsearchendpoint"
            },
            "authentication": "@parameters('$authentication')"
          }
        },
        "Get_secret_7": {
          "runAfter": {
            "Get_secret_6": [
              "Succeeded"
            ]
          },
          "metadata": {
            "operationMetadataId": "fda876ab-4675-4fd2-b4f5-debef14be301"
          },
          "type": "OpenApiConnection",
          "inputs": {
            "host": {
              "connectionName": "shared_keyvault",
              "operationId": "GetSecret",
              "apiId": "/providers/Microsoft.PowerApps/apis/shared_keyvault"
            },
            "parameters": {
              "secretName": "azurecogsearchapikey"
            },
            "authentication": "@parameters('$authentication')"
          }
        }
      },
      "outputs": {}
    },
    "templateName": ""
  },
  "schemaVersion": "1.0.0.0"
}