<powerpagecomponent powerpagecomponentid="1ccd2fb5-3edd-4ec3-b585-52871c7f7224">
  <content>{"enablerating":false,"enabletracking":false,"excludefromsearch":false,"hiddenfromsitemap":true,"isroot":true,"pagetemplateid":"316cf37e-206d-40c0-b0f5-51fc93bbc085","parentpageid":"d518492f-ccb3-4c3f-a78a-ebb05f801688","partialurl":"search","publishingstateid":"1e6a741b-1a0d-400d-90b0-0f5c723bf904","sharedpageconfiguration":false}</content>
  <iscustomizable>1</iscustomizable>
  <name>Search</name>
  <powerpagecomponenttype>2</powerpagecomponenttype>
  <powerpagesiteid>
    <powerpagesiteid>a86e1201-5a03-4a0e-bdae-506c81b0678f</powerpagesiteid>
  </powerpagesiteid>
  <searchcontent>Search</searchcontent>
  <statecode>0</statecode>
  <statuscode>1</statuscode>
</powerpagecomponent>