<powerpagecomponent powerpagecomponentid="c76273e4-4a28-4e4c-8b2f-bf79db18a2ba">
  <content>{"disablepagevalidation":false,"displayimageonly":false,"displayorder":1,"displaypagechildlinks":false,"openinnewwindow":false,"pageid":"9564167d-3b9e-48ea-bf0e-f33c851da024","publishingstateid":"1e6a741b-1a0d-400d-90b0-0f5c723bf904","robotsfollowlink":true,"weblinksetid":"7934b91e-cfa3-4bfe-8cc3-b779f29784bc"}</content>
  <iscustomizable>1</iscustomizable>
  <name>Profile</name>
  <powerpagecomponenttype>5</powerpagecomponenttype>
  <powerpagesiteid>
    <powerpagesiteid>a86e1201-5a03-4a0e-bdae-506c81b0678f</powerpagesiteid>
  </powerpagesiteid>
  <statecode>0</statecode>
  <statuscode>1</statuscode>
</powerpagecomponent>