<powerpagecomponent powerpagecomponentid="c6d3fd80-d4f6-4583-b09f-0e9c8355c8b0">
  <content>{"disablepagevalidation":false,"displayimageonly":false,"displayorder":1,"displaypagechildlinks":false,"openinnewwindow":false,"pageid":"d518492f-ccb3-4c3f-a78a-ebb05f801688","publishingstateid":"1e6a741b-1a0d-400d-90b0-0f5c723bf904","robotsfollowlink":true,"weblinksetid":"bec0f3d7-61ec-4fdc-afdb-0478c2ca3a2d"}</content>
  <iscustomizable>1</iscustomizable>
  <name>Home</name>
  <powerpagecomponenttype>5</powerpagecomponenttype>
  <powerpagesiteid>
    <powerpagesiteid>a86e1201-5a03-4a0e-bdae-506c81b0678f</powerpagesiteid>
  </powerpagesiteid>
  <statecode>0</statecode>
  <statuscode>1</statuscode>
</powerpagecomponent>