<powerpagecomponent powerpagecomponentid="dd9d2c22-548d-4387-b2ce-5d3ee5dd467d">
  <content>{"enablerating":false,"enabletracking":false,"excludefromsearch":true,"hiddenfromsitemap":true,"isroot":true,"pagetemplateid":"ca25705b-4fd3-4487-9468-f5585c37b390","parentpageid":"d518492f-ccb3-4c3f-a78a-ebb05f801688","partialurl":"access-denied","publishingstateid":"1e6a741b-1a0d-400d-90b0-0f5c723bf904","sharedpageconfiguration":false}</content>
  <iscustomizable>1</iscustomizable>
  <name>Access Denied</name>
  <powerpagecomponenttype>2</powerpagecomponenttype>
  <powerpagesiteid>
    <powerpagesiteid>a86e1201-5a03-4a0e-bdae-506c81b0678f</powerpagesiteid>
  </powerpagesiteid>
  <searchcontent>Access Denied</searchcontent>
  <statecode>0</statecode>
  <statuscode>1</statuscode>
</powerpagecomponent>