<powerpagecomponent powerpagecomponentid="9564167d-3b9e-48ea-bf0e-f33c851da024">
  <content>{"enablerating":false,"enabletracking":false,"excludefromsearch":false,"hiddenfromsitemap":true,"isroot":true,"pagetemplateid":"9658dfaf-1535-4bab-83b8-6470418644b3","parentpageid":"d518492f-ccb3-4c3f-a78a-ebb05f801688","partialurl":"profile","publishingstateid":"1e6a741b-1a0d-400d-90b0-0f5c723bf904","sharedpageconfiguration":false,"title":"Profile"}</content>
  <iscustomizable>1</iscustomizable>
  <name>Profile</name>
  <powerpagecomponenttype>2</powerpagecomponenttype>
  <powerpagesiteid>
    <powerpagesiteid>a86e1201-5a03-4a0e-bdae-506c81b0678f</powerpagesiteid>
  </powerpagesiteid>
  <searchcontent>ProfileProfile</searchcontent>
  <statecode>0</statecode>
  <statuscode>1</statuscode>
</powerpagecomponent>