<powerpagecomponent powerpagecomponentid="7f129a07-bfe7-4402-bd81-13966d97229e">
  <content>{"displayorder":1,"enabletracking":false,"excludefromsearch":true,"hiddenfromsitemap":true,"parentpageid":"d518492f-ccb3-4c3f-a78a-ebb05f801688","partialurl":"bootstrap.min.css","publishingstateid":"1e6a741b-1a0d-400d-90b0-0f5c723bf904"}</content>
  <filecontent mimetype="application/octet-stream">bootstrap.min.css</filecontent>
  <iscustomizable>1</iscustomizable>
  <name>bootstrap.min.css</name>
  <powerpagecomponenttype>3</powerpagecomponenttype>
  <powerpagesiteid>
    <powerpagesiteid>a86e1201-5a03-4a0e-bdae-506c81b0678f</powerpagesiteid>
  </powerpagesiteid>
  <statecode>0</statecode>
  <statuscode>1</statuscode>
</powerpagecomponent>